{
    "same": {
        "0": {
            "0": 0.1675961101,
            "1": 0.1462347126,
            "2": 0.1334422567,
            "3": 0.1163920235
        },
        "1": {
            "0": 0.1034480102,
            "1": 0.1613223702,
            "2": 0.1226927061,
            "3": 0.1161918841
        },
        "2": {
            "0": 0.1022998547,
            "1": 0.1087164278,
            "2": 0.1649440777,
            "3": 0.1095493925
        },
        "3": {
            "0": 0.09075823071,
            "1": 0.09420281734,
            "2": 0.09756865215,
            "3": 0.1654139
        },
        "4": {
            "4": 0.1453004241,
            "5": 0.08731052325,
            "6": 0.08167819967,
            "7": 0.07847361576
        },
        "5": {
            "4": 0.1121620877,
            "5": 0.1434808332,
            "6": 0.09441616603,
            "7": 0.09318936872
        },
        "6": {
            "4": 0.1159066475,
            "5": 0.1291287254,
            "6": 0.1455126007,
            "7": 0.1338727847
        },
        "7": {
            "4": 0.1186994262,
            "5": 0.1462896465,
            "6": 0.1532835344,
            "7": 0.1448186269
        }
    },
    "diff": {
        "0": 0.1208234746,
        "1": 0.1109376948,
        "2": 0.1218928503,
        "3": 0.1166357515,
        "4": 0.09386939836,
        "5": 0.1041122046,
        "6": 0.106799792,
        "7": 0.1366792521
    }
}