{"xpoqk,ejf,t,vyag,murw,is,chn,zbld":0.6387987341722772,"oqxk,ejfc,blt,yag,urzmw,pvs,hn,id":0.6487776663509645,"so,ec,ft,vyag,uwbzr,liqxm,khnj,pd":0.6370376843474398,"gxop,cle,ft,vwya,ibjqr,ms,hkzn,ud":0.6372431343354739,"qikx,ejfc,lt,yag,mzurw,bs,hnp,vod":0.6536690506749151,"oqk,efc,rt,yajg,mulw,xis,hznp,bvd":0.6380791578597939,"oqkx,ejfc,blt,yag,murw,is,hnp,vzd":0.6419161088068035,"gxo,ejc,bqlt,kvya,mzurw,is,hnp,fd":0.6469298383082978,"mtu,jlys,zo,biqr,egf,akw,cnp,dxhv":0.6458340794279724,"mt,gzls,ko,ibr,ecf,ayqvw,nxhj,upd":0.6317453376870851,"yjcxi,efg,wbr,zlmu,kas,dhpv,oqn,t":0.6443165306406363,"yjcxi,ef,bwr,lzmu,as,dhpv,gtqn,ok":0.6498262634157836,"oky,ejc,qbxgl,ta,zmurw,is,hnp,fvd":0.6378045384859553,"od,gec,blt,kyxqa,muzrw,ijs,hnp,vf":0.6395942695919661,"mtu,jls,dvo,biqr,cefg,akw,n,pxzyh":0.6423344002513134,"mtu,jvs,do,bir,zefcg,awqy,kpn,xlh":0.6433075063721095,"mt,lgs,dvo,bizqr,cpje,yakw,hxfu,n":0.6355358586899968,"mt,as,vdo,bir,elqjg,zkuwhx,yfcp,n":0.6462204420364966,"hs,plo,cej,img,yqnza,bdukx,tvr,fw":0.6457976801381677,"hs,plo,jce,img,qznya,bdukx,tvr,fw":0.6457976801381677,"yjci,be,fgwr,zlmu,axs,dhpv,oqkn,t":0.6488075599161859,"gyi,efw,bcr,lmu,as,dhpv,ojzxqn,kt":0.6473844221602074,"qkyc,efg,or,mzud,as,bwlxvp,jin,ht":0.660947547037775,"kyjc,efg,zbwr,vmux,as,odp,iqtn,lh":0.6603582571866127,"wir,kum,yjhvp,to,lbe,dgfzx,cqn,as":0.6478504539518818,"n,mzhu,ce,yfsg,owxd,abr,kviql,pjt":0.6495917605091681,"mn,cvyhu,we,fsg,od,azbr,kixql,pjt":0.6530410768874654,"on,wyvqjh,ce,lsg,xmzud,abr,kfi,pt":0.6641226146140992,"fep,gdo,kyi,xma,wbqvr,lztu,jhn,cs":0.6450513218805355,"wim,t,vpru,ce,xafd,qjnh,lsb,kyzgo":0.6473011790540643,"wim,lbs,rvpu,ce,xafd,jqnh,t,zkygo":0.6501771297997853,"iym,zwgo,vpru,ce,xafd,qjknh,slb,t":0.6446588097536167,"pbi,me,no,vakh,wrly,xfqgs,cudjz,t":0.6532602747893341,"vt,gno,ew,ijs,qaclx,dkpyb,hzuf,mr":0.6532410547481351,"vdo,buwyz,am,fjs,qrkhn,lxci,gt,ep":0.6533276389319455,"do,ruwz,am,jfs,qkhvn,lxcgi,yt,ebp":0.6502857621538584,"wyo,be,azm,vfs,jhqcn,klxgi,rt,udp":0.6364613433259737,"do,gjpyv,we,zbrt,kis,lxqch,afn,um":0.6477146238899023,"hs,plo,cej,img,qzyan,bdukx,tvr,fw":0.6457976801381677,"zxqo,fje,bla,dpc,yksu,wgim,vrt,nh":0.640039741158973,"blo,ne,a,dpjqvc,ysuw,zgixk,mr,fth":0.6586147511041318,"nqo,hvr,ft,zyaw,clu,gem,xijkp,sbd":0.6540676216409238,"ty,kah,le,do,cwqij,nxsu,fgmv,bpzr":0.6553239081324813,"pcd,ot,efvq,ixmg,nsu,kaw,zbjr,yhl":0.6511378723446423,"dr,ukyw,fbe,vnjs,ilqxm,ht,gzca,po":0.6500419787634678,"rfqt,nxzo,cmh,as,jdluw,gkpy,bve,i":0.6462514025575017,"gls,jbcr,it,afqh,uvdp,kem,wzxyo,n":0.647142658898111,"hs,ar,ijt,mkfq,udzvw,bce,lxpgo,yn":0.6599089013363174,"mtu,jlys,zo,biqr,ecf,akw,gnp,xdhv":0.6460095931691048,"mtu,jlys,zo,qbir,cef,akw,gnp,xvdh":0.6460095931691048,"sh,plo,cej,img,yqazn,bdukx,vtr,fw":0.6457976801381677,"dce,luf,n,hqyt,zxvwbo,gikjp,as,mr":0.6537191469930648,"ce,hi,xbfy,at,dqvo,mkznp,sjgl,uwr":0.6580384643686819,"kwr,lzs,qab,yci,uxvdh,fjnt,gep,mo":0.6540843520052726,"cwzm,vlgs,akb,rqi,ufxdh,jnt,ep,yo":0.6546954146177307,"hn,us,dca,kvt,jibrw,qxzop,egf,lym":0.6401466447052195,"bhd,mls,a,yvtu,qikr,nzjo,ewf,cxpg":0.6413483352569636,"hn,klum,wad,qvft,irb,oxzp,egc,jys":0.6412708659512956,"jhn,kulw,ma,bzt,iyrq,xvgop,ecf,ds":0.6444694601368268,"jhn,xlim,sa,tu,yrkqvw,zbop,gec,fd":0.6369260652305389,"dukg,wa,hjs,qcfr,yvzmp,ne,bot,xli":0.6596504050942127,"dukg,wa,hjs,cqfr,yvzmp,ne,bot,lxi":0.6596504050942127,"umx,qfrt,kbi,cvdhy,nzo,ew,jps,gal":0.6511216979298842,"aqjr,bgvt,cfyp,xom,nkzu,ew,dlh,is":0.6569866508090765,"nzej,a,diw,rt,hbs,mxqko,cfyuv,lgp":0.6484955999650527,"le,na,digw,rqt,bxvjs,kmo,cfyu,zhp":0.6539761657339089,"mxgu,qlt,os,ejp,byrzw,hvn,kaf,dci":0.6521563691021848,"dmu,qt,os,ejp,byrzw,hkvxn,fga,cil":0.6508955601821025,"mtvu,ozpkq,ys,bir,ecwg,lxa,jhn,fd":0.6346679412025803,"zkdr,oqwy,nt,imv,jgep,ubs,fah,xlc":0.664733211709691,"hjs,plo,cew,zimg,qan,bdukx,tr,fvy":0.647188411090862,"hs,pko,fwej,imzxg,yqan,bdu,tvr,lc":0.6360773068828491,"cs,lik,pgm,no,zebr,vqxhy,ftju,awd":0.6669089169877171,"cs,lwi,nm,vzpko,eqgr,xbhy,ftju,ad":0.663792152822095,"hs,ejf,cn,xkzqo,byuvg,rpdw,at,lim":0.6502872281712394,"ot,dgzi,xn,wrka,cpbjv,qymh,lus,ef":0.6471043237365579,"bgva,dum,sl,iwzqy,hcn,fje,xokp,tr":0.6369984993822543,"mo,je,par,dwfl,xhvbi,cgkqy,ztn,su":0.6724739911846371,"xn,fcud,yaw,el,ijhqr,gbpzk,st,mov":0.6635992765149833,"eh,acd,bum,nwqy,gir,pvxo,fjks,zlt":0.6729772647456483,"cs,poqxv,fruz,adw,gikm,bny,lt,ejh":0.6780097295422434,"n,ol,pbrz,qacd,gixkm,fswy,jut,evh":0.6534522240063699,"ycs,poxv,dfru,a,gikm,zebjw,lt,nqh":0.6549191755864807,"cs,poxv,nr,jgad,biyqk,ezw,flt,muh":0.6557981616728118,"oqkx,ejfc,blt,yag,murw,is,nhp,vzd":0.6419161088068035,"mtu,jlys,zo,biqr,efg,akw,cnp,dxhv":0.6458340794279724,"myzxu,vljs,to,bir,epfg,aqkw,cn,dh":0.6447017863258273,"bdi,cef,mn,qoxk,pjt,uzgwl,vray,hs":0.6465153181260083,"dclv,at,gmxu,kjqyo,ibr,wpfe,hzn,s":0.6355847680897804,"fym,coz,kut,hqvl,wpge,rdji,na,xbs":0.6470878354861385,"wyi,mok,cjs,rqt,zpvah,bnu,dfe,xgl":0.6344409198038841,"me,igl,zun,vwa,ftqr,cxbdp,hjs,oky":0.6355323143428484,"me,igl,nzu,wva,ftqr,xcbdp,hjs,koy":0.6355323143428484,"ce,kil,zjhn,mba,ftqr,gxvdpu,s,woy":0.6359606128371786,"cvuyh,rt,mqo,bdi,wjef,znkp,axgl,s":0.6349889221446096,"xukyh,rt,mo,bdi,wjezf,vnp,aqgl,cs":0.6353005000143552,"uvxyh,rt,kzqpo,bdi,jwef,mcn,agl,s":0.6276839777025803,"cuvyh,rt,mqo,bdi,jwef,nkzp,agxl,s":0.6349889221446096,"vpyh,ot,udm,jri,bwef,cqn,agzxl,ks":0.6347722561998522,"kuyh,ot,vpcm,dqri,jwef,bzn,xagl,s":0.6397289824502896,"tb,zgdo,uxvm,wkjyi,pef,qcn,arl,hs":0.6441603252817332,"rqt,oc,hym,bdi,jwzef,vnup,axgl,ks":0.6410890753608656,"hs,plo,cej,img,zayqn,bdukx,tvr,fw":0.6457976801381677,"urm,la,xqzko,ynbh,jwfe,it,vdgp,cs":0.6371548341255177,"it,rp,jhs,cozxg,mqva,dlku,ewbf,yn":0.645805552031936,"mt,lks,xvco,bijr,eqgf,azwy,unp,dh":0.6448925924871599,"zcdp,lbxkg,hn,yiw,rqma,ot,fjve,su":0.6500466166424511,"so,wim,pfje,khr,blzqa,nvcy,t,duxg":0.6397174140548627,"kxci,rt,wfje,zhmu,qyan,ls,po,vgbd":0.6360476363390277,"yim,gut,dbvc,we,as,zkfqr,hjn,opxl":0.6452334895301719,"mt,kls,cxvo,jbir,eqgf,yazw,nup,dh":0.6448925924871599,"xla,drzu,mhqn,ebfw,it,cgpv,yjs,ko":0.6398479333978285,"dfzxgv,bir,upl,mkqo,et,ycaw,hjn,s":0.638493009815966,"cvpd,zhnj,ftr,ma,gyqo,lwe,bixk,us":0.6356982918729507,"ko,fce,at,vypm,xqgli,hrn,juws,dbz":0.6509544079652148,"xko,jwfe,rt,pza,qcbli,vhyn,gus,md":0.6377995577457032,"lfs,qazm,bpjrk,ut,vcyn,ew,hdi,xog":0.6542649592030236,"rt,evf,xqok,jabg,myuw,is,hnzp,dcl":0.6430692242318514,"gfe,ny,pca,wdi,tqjkl,oxvs,bzru,mh":0.6401148279399085,"uzwm,ibd,ykqo,jsh,avt,efgl,xrpc,n":0.6356338509036432,"zbxpl,jef,muk,wiqr,ycn,sa,govt,dh":0.6405223486974723,"ls,gir,pdjh,fukxt,acm,zqyo,ebv,wn":0.6372775413924913,"ls,gkir,pdh,jut,zaxcm,yfqvo,eb,wn":0.6398672867603684,"oqkx,ejvfc,lt,ayzg,murw,is,hnp,bd":0.6415593933372244,"gos,mcr,yhkxb,it,fewqzj,vpa,dlu,n":0.6383007418686897,"yn,xlbhq,af,pzvr,to,gksu,wjme,cid":0.6449792214534698,"yfvjn,hxli,a,rt,pzqgo,ksu,wme,cdb":0.6535872401988562,"fje,rt,zma,dpbh,qis,xlgo,wn,kcyuv":0.6377428768774324,"efj,ziym,at,buh,scn,qoxk,rwp,lvgd":0.6415014753939089,"hm,lgs,cpe,txju,kibqr,yvwo,zan,fd":0.6359704587067443,"fe,t,jznh,bvac,qmri,ywxko,ls,ugdp":0.6371089004124199,"xkvmd,ocwy,zjhn,igr,sqa,fbe,lpu,t":0.6415165241463588,"xavd,owy,hkjn,imr,fgqs,cbe,zlpu,t":0.6486082787684041,"wyuzb,gqxlm,ko,pjir,avn,et,hs,cfd":0.6486253845416252,"oqkx,ejfc,blt,yag,murw,si,hnp,vzd":0.6419161088068035,"mtu,jys,o,bzhqr,egvf,akw,cnp,dlxi":0.652610853274491,"oqkx,ejfc,lgt,zvya,murw,is,hnp,bd":0.6416451429809299,"hs,plo,cej,img,qazyn,bdukx,tvr,fw":0.6457976801381677}