{"uvxyh,rt,kzqpo,bdi,jwef,mcn,agl,s":0.6276839777025803,"brzp,ijdm,us,feqw,vta,hn,xclg,kyo":0.6300466062680911,"gs,cxn,le,vdpub,qot,amh,ywi,jkzfr":0.6301645121751137,"dcf,bir,uzxm,qlov,get,yakw,jhn,ps":0.6317347393004702,"mt,gzls,ko,ibr,ecf,ayqvw,nxhj,upd":0.6317453376870851,"xbdi,cef,mn,ok,aqt,gwzlu,yprv,hjs":0.632100442204054,"jlrb,mah,yko,cn,wfze,qit,xdguvp,s":0.6329997101000772,"ks,cn,fe,gxdvpu,qot,amzh,wyi,jrbl":0.6331349330574036,"ywi,okp,cjs,rt,aqmh,xbznu,vfe,dgl":0.6339368840848768,"wyi,mok,cjs,rqt,zpvah,bnu,dfe,xgl":0.6344409198038841,"mtvu,ozpkq,ys,bir,ecwg,la,jhn,fxd":0.6346675837281971,"vpyh,ot,udm,jri,bwef,cqn,agzxl,ks":0.6347722561998522,"cuvyh,rt,mqo,bdi,jwef,nkzp,agxl,s":0.6349889221446096,"xukyh,rt,mo,bdi,wjezf,vnp,aqgl,cs":0.6353005000143552,"me,igl,nzu,wva,ftqr,xcbdp,hjs,koy":0.6355323143428484,"mt,lgs,dvo,bizqr,cpje,yakw,hxfu,n":0.6355358586899968,"dclv,at,gmxu,kjqyo,ibr,wpfe,hzn,s":0.6355847680897804}